
{
    "region" : "us-east-1",
    "profile" : "default",
    "configuration" : "Release",
    "framework"     : "net8.0",
    "function-name" : "lendingpad-encompass-connector-data-service",
    "package-type"  : "Zip",
    "function-handler" : "Brimma.LOSService",
    "function-memory-size" : 512,
    "function-role"        : "arn:aws:iam::246433439315:role/lambda_exec_lendingpad-encompass-connector-data-service",
    "function-timeout"     : 10,
    "function-runtime"     : "dotnet8",
    "function-architecture" : "x86_64",
    "function-subnets"      : "",
    "function-security-groups" : "",
    "tracing-mode"             : "PassThrough",
    "environment-variables"    : "",
    "image-tag"                : ""
}