<?xml version="1.0"?>
<doc>
    <assembly>
        <name>Brimma.LOSService</name>
    </assembly>
    <members>
        <member name="M:Brimma.LOSService.Controllers.AttachmentController2.UploadAttachmentAndAssignAsync(System.Nullable{System.Guid},Brimma.LOSService.DTO.Requests.AttachmentUploadToDocumentRequest)">
            <summary>
            Upload large files to efolder
            </summary>
            <remarks>
            Upload large files to efolder
            </remarks>
            <param name="loanGuid">Loan ID</param>
            <param name="request">Request</param>
            <returns>Attachment Information</returns>
        </member>
        <member name="M:Brimma.LOSService.Controllers.LoanFolderController.GetAllAsync">
            <summary>
            Get Loan Folders
            </summary>
            <remarks>
            Retrieves a list of loan folders from Encompass. The response includes the complete list of loan folders,
            including the Trash folder, for which the user has access rights.
            </remarks>>
            <returns>Collection of loan folders</returns>
        </member>
        <member name="M:Brimma.LOSService.Controllers.MismoController.GetLoanObjectAsync(System.String,System.Xml.Linq.XElement)">
            <summary>
            Convert MISMO 3.4 file to Loan Object
            </summary>
            <remarks>
            Convert MISMO 3.4 file to Loan Object
            </remarks>>
            <param name="mediaType">Media Type <example>mismo</example> </param>
            <param name="request">Mismo XML File</param>
            <returns>Loan Object V3</returns>
        </member>
        <member name="M:Brimma.LOSService.Controllers.MismoController.CreateLoanAsync(System.String,System.Object)">
            <summary>
            Create Loan
            </summary>
            <remarks>
            Create Loan
            </remarks>>
            <param name="pipeline">Loan folder to create loan</param>
            <param name="request">Loan object V3 request</param>
            <returns>Created loan info</returns>
        </member>
        <member name="M:Brimma.LOSService.Controllers.MismoController.UpdateLoanAsync(System.Nullable{System.Guid},System.String,System.Nullable{System.Boolean},System.String,System.String,System.Nullable{System.Boolean},System.String,System.Xml.Linq.XElement)">
            <summary>
            Importer to Update Loan
            </summary>
            <remarks>
            Importer to Update Loan
            </remarks>>
            <param name="loanId">Loan ID</param>
            <param name="mediaType">Request content type. Possible value: mismo. If passed, and does not match the Content-Type header, an error will be thrown.</param>
            <param name="preview">Indicates if the loan should be saved (false), or just a preview of the state of the loan is to be returned without saving the loan (true).</param>
            <param name="importData">Indicates which fields are to be imported from the MISMO file. If the value is 'populated', only the non-blank/ populated values in the file are imported.</param>
            <param name="listsAction">Indicates if the existing collections are to be cleared out (replace) or the new entries are to be appended to the existing collections(append).</param>
            <param name="importLockedFieldsData">Indicates if the locked fields on the loan are to be imported, or ignored.</param>
            <param name="lockId">Loan resource lock, if you have already acquired a lock on the loan.</param>
            <param name="request">Mismo XML File</param>
        </member>
        <member name="M:Brimma.LOSService.Extensions.ObjectExtensions.GetDefault(System.Type)">
            <summary>
            Returns Default value for <paramref name="type"/>
            </summary>
        </member>
        <member name="M:Brimma.LOSService.Services.IHttpService.GetAsync``1(System.String,System.Boolean,System.Boolean,System.Boolean,System.Boolean,System.Boolean,System.Boolean,System.String)">
            <summary>
            HttpClient Get method
            </summary>
            <typeparam name="T">Generic class for Data property in ApiResponse class</typeparam>
            <param name="apiURL">apiURL</param>
            <param name="IsSDKAPICall">IsSDKAPICall</param>
            <param name="isAppraisalOrderCall">isAppraisalOrderCall</param>
            <returns>Returns Api response</returns>
        </member>
        <member name="M:Brimma.LOSService.Services.IHttpService.PostAsync``1(System.String,System.Object,System.Boolean,System.Boolean,System.Boolean,System.Boolean,System.Boolean,System.Boolean,System.Boolean)">
            <summary>
            HttpClient Post method
            </summary>
            <typeparam name="T">Generic class for Data property in ApiResponse class</typeparam>
            <param name="apiURL">API url</param>
            <param name="request">request</param>
            <param name="needHttpResponseHeader">needHttpResponseHeader</param>
            <param name="IsSDKAPICall">IsSDKAPICall</param>
            <param name="isAppraisalOrderCall">isAppraisalOrderCall</param>
            <param name="isWebhookSubscriptionCall">isWebhookSubscriptionCall</param>
            <returns>Returns Api response</returns>
        </member>
        <member name="M:Brimma.LOSService.Services.IHttpService.PatchAsync``1(System.String,System.Object)">
            <summary>
            HttpClient Patch method
            </summary>
            <typeparam name="T">Generic class for Data property in ApiResponse class</typeparam>
            <param name="apiURL">API url</param>
            <param name="request">request</param>
            <returns>Returns Api response</returns>
        </member>
        <member name="M:Brimma.LOSService.Services.IHttpService.PutAsync``1(System.String,System.Object,System.Boolean,System.Net.Http.HttpContent,System.String)">
            <summary>
            HttpClient Put method
            </summary>
            <typeparam name="T">Generic class for Data property in ApiResponse class</typeparam>
            <param name="apiURL">API url</param>
            <param name="request">request</param>
            <param name="uploadAttachment"></param>
            <param name="httpContent"></param>
            <param name="authorizationHeader"></param>
            <returns>Returns Api response</returns>
        </member>
        <member name="M:Brimma.LOSService.Services.IHttpService.DeleteAsync``1(System.String)">
            <summary>
            HttpClient Delete method
            </summary>
            <typeparam name="T">Generic class for Data property in ApiResponse class</typeparam>
            <param name="apiURL">API url</param>
            <returns>Returns Api response</returns>
        </member>
        <member name="M:Brimma.LOSService.Services.IHttpService.DeleteWithContent``1(System.String,System.Object,System.Boolean,System.Boolean)">
            <summary>
            HttpClient Delete method with Request Body
            </summary>
            <typeparam name="T">Generic class for Data property in ApiResponse class</typeparam>
            <param name="apiURL"></param>
            <param name="request"></param>
            <param name="shouldUseServiceAccountUser"></param>
            <param name="isLockAPI"></param>
            <returns></returns>
        </member>
    </members>
</doc>
