{
  "Version": 1,
  "ManifestType": "Publish",
  "Endpoints": [
    {
      "Route": "swagger/ui/custom.ayae66qttb.css",
      "AssetFile": "swagger/ui/custom.css",
      "Selectors": [],
      "ResponseHeaders": [
        {
          "Name": "Accept-Ranges",
          "Value": "bytes"
        },
        {
          "Name": "Cache-Control",
          "Value": "max-age=31536000, immutable"
        },
        {
          "Name": "Content-Length",
          "Value": "97"
        },
        {
          "Name": "Content-Type",
          "Value": "text/css"
        },
        {
          "Name": "ETag",
          "Value": "\"DlM+P0zL1MTYSS8ZZktFHe7jgVDnPT/4RJhmJLJq1rw=\""
        },
        {
          "Name": "Last-Modified",
          "Value": "Mon, 28 Oct 2024 09:20:54 GMT"
        }
      ],
      "EndpointProperties": [
        {
          "Name": "fingerprint",
          "Value": "ayae66qttb"
        },
        {
          "Name": "integrity",
          "Value": "sha256-DlM+P0zL1MTYSS8ZZktFHe7jgVDnPT/4RJhmJLJq1rw="
        },
        {
          "Name": "label",
          "Value": "swagger/ui/custom.css"
        }
      ]
    },
    {
      "Route": "swagger/ui/custom.css",
      "AssetFile": "swagger/ui/custom.css",
      "Selectors": [],
      "ResponseHeaders": [
        {
          "Name": "Accept-Ranges",
          "Value": "bytes"
        },
        {
          "Name": "Cache-Control",
          "Value": "no-cache"
        },
        {
          "Name": "Content-Length",
          "Value": "97"
        },
        {
          "Name": "Content-Type",
          "Value": "text/css"
        },
        {
          "Name": "ETag",
          "Value": "\"DlM+P0zL1MTYSS8ZZktFHe7jgVDnPT/4RJhmJLJq1rw=\""
        },
        {
          "Name": "Last-Modified",
          "Value": "Mon, 28 Oct 2024 09:20:54 GMT"
        }
      ],
      "EndpointProperties": [
        {
          "Name": "integrity",
          "Value": "sha256-DlM+P0zL1MTYSS8ZZktFHe7jgVDnPT/4RJhmJLJq1rw="
        }
      ]
    }
  ]
}